,result,documentation,terms_of_use,time_last_update_unix,time_last_update_utc,time_next_update_unix,time_next_update_utc,base_code,conversion_rates
AED,success,https://www.exchangerate-api.com/docs,https://www.exchangerate-api.com/terms,1709769601,"Thu, 07 Mar 2024 00:00:01 +0000",1709856001,"Fri, 08 Mar 2024 00:00:01 +0000",USD,3.6725
AFN,success,https://www.exchangerate-api.com/docs,https://www.exchangerate-api.com/terms,1709769601,"Thu, 07 Mar 2024 00:00:01 +0000",1709856001,"Fri, 08 Mar 2024 00:00:01 +0000",USD,71.5446
ALL,success,https://www.exchangerate-api.com/docs,https://www.exchangerate-api.com/terms,1709769601,"Thu, 07 Mar 2024 00:00:01 +0000",1709856001,"Fri, 08 Mar 2024 00:00:01 +0000",USD,95.5806
AMD,success,https://www.exchangerate-api.com/docs,https://www.exchangerate-api.com/terms,1709769601,"Thu, 07 Mar 2024 00:00:01 +0000",1709856001,"Fri, 08 Mar 2024 00:00:01 +0000",USD,404.1604
ANG,success,https://www.exchangerate-api.com/docs,https://www.exchangerate-api.com/terms,1709769601,"Thu, 07 Mar 2024 00:00:01 +0000",1709856001,"Fri, 08 Mar 2024 00:00:01 +0000",USD,1.79
AOA,success,https://www.exchangerate-api.com/docs,https://www.exchangerate-api.com/terms,1709769601,"Thu, 07 Mar 2024 00:00:01 +0000",1709856001,"Fri, 08 Mar 2024 00:00:01 +0000",USD,835.7868
ARS,success,https://www.exchangerate-api.com/docs,https://www.exchangerate-api.com/terms,1709769601,"Thu, 07 Mar 2024 00:00:01 +0000",1709856001,"Fri, 08 Mar 2024 00:00:01 +0000",USD,845.75
AUD,success,https://www.exchangerate-api.com/docs,https://www.exchangerate-api.com/terms,1709769601,"Thu, 07 Mar 2024 00:00:01 +0000",1709856001,"Fri, 08 Mar 2024 00:00:01 +0000",USD,1.5282
AWG,success,https://www.exchangerate-api.com/docs,https://www.exchangerate-api.com/terms,1709769601,"Thu, 07 Mar 2024 00:00:01 +0000",1709856001,"Fri, 08 Mar 2024 00:00:01 +0000",USD,1.79
AZN,success,https://www.exchangerate-api.com/docs,https://www.exchangerate-api.com/terms,1709769601,"Thu, 07 Mar 2024 00:00:01 +0000",1709856001,"Fri, 08 Mar 2024 00:00:01 +0000",USD,1.701
BAM,success,https://www.exchangerate-api.com/docs,https://www.exchangerate-api.com/terms,1709769601,"Thu, 07 Mar 2024 00:00:01 +0000",1709856001,"Fri, 08 Mar 2024 00:00:01 +0000",USD,1.7964
BBD,success,https://www.exchangerate-api.com/docs,https://www.exchangerate-api.com/terms,1709769601,"Thu, 07 Mar 2024 00:00:01 +0000",1709856001,"Fri, 08 Mar 2024 00:00:01 +0000",USD,2.0
BDT,success,https://www.exchangerate-api.com/docs,https://www.exchangerate-api.com/terms,1709769601,"Thu, 07 Mar 2024 00:00:01 +0000",1709856001,"Fri, 08 Mar 2024 00:00:01 +0000",USD,109.7615
BGN,success,https://www.exchangerate-api.com/docs,https://www.exchangerate-api.com/terms,1709769601,"Thu, 07 Mar 2024 00:00:01 +0000",1709856001,"Fri, 08 Mar 2024 00:00:01 +0000",USD,1.7966000000000002
BHD,success,https://www.exchangerate-api.com/docs,https://www.exchangerate-api.com/terms,1709769601,"Thu, 07 Mar 2024 00:00:01 +0000",1709856001,"Fri, 08 Mar 2024 00:00:01 +0000",USD,0.376
BIF,success,https://www.exchangerate-api.com/docs,https://www.exchangerate-api.com/terms,1709769601,"Thu, 07 Mar 2024 00:00:01 +0000",1709856001,"Fri, 08 Mar 2024 00:00:01 +0000",USD,2852.4904
BMD,success,https://www.exchangerate-api.com/docs,https://www.exchangerate-api.com/terms,1709769601,"Thu, 07 Mar 2024 00:00:01 +0000",1709856001,"Fri, 08 Mar 2024 00:00:01 +0000",USD,1.0
BND,success,https://www.exchangerate-api.com/docs,https://www.exchangerate-api.com/terms,1709769601,"Thu, 07 Mar 2024 00:00:01 +0000",1709856001,"Fri, 08 Mar 2024 00:00:01 +0000",USD,1.3402
BOB,success,https://www.exchangerate-api.com/docs,https://www.exchangerate-api.com/terms,1709769601,"Thu, 07 Mar 2024 00:00:01 +0000",1709856001,"Fri, 08 Mar 2024 00:00:01 +0000",USD,6.9236
BRL,success,https://www.exchangerate-api.com/docs,https://www.exchangerate-api.com/terms,1709769601,"Thu, 07 Mar 2024 00:00:01 +0000",1709856001,"Fri, 08 Mar 2024 00:00:01 +0000",USD,4.9495000000000005
BSD,success,https://www.exchangerate-api.com/docs,https://www.exchangerate-api.com/terms,1709769601,"Thu, 07 Mar 2024 00:00:01 +0000",1709856001,"Fri, 08 Mar 2024 00:00:01 +0000",USD,1.0
BTN,success,https://www.exchangerate-api.com/docs,https://www.exchangerate-api.com/terms,1709769601,"Thu, 07 Mar 2024 00:00:01 +0000",1709856001,"Fri, 08 Mar 2024 00:00:01 +0000",USD,82.8509
BWP,success,https://www.exchangerate-api.com/docs,https://www.exchangerate-api.com/terms,1709769601,"Thu, 07 Mar 2024 00:00:01 +0000",1709856001,"Fri, 08 Mar 2024 00:00:01 +0000",USD,13.6784
BYN,success,https://www.exchangerate-api.com/docs,https://www.exchangerate-api.com/terms,1709769601,"Thu, 07 Mar 2024 00:00:01 +0000",1709856001,"Fri, 08 Mar 2024 00:00:01 +0000",USD,3.2521
BZD,success,https://www.exchangerate-api.com/docs,https://www.exchangerate-api.com/terms,1709769601,"Thu, 07 Mar 2024 00:00:01 +0000",1709856001,"Fri, 08 Mar 2024 00:00:01 +0000",USD,2.0
CAD,success,https://www.exchangerate-api.com/docs,https://www.exchangerate-api.com/terms,1709769601,"Thu, 07 Mar 2024 00:00:01 +0000",1709856001,"Fri, 08 Mar 2024 00:00:01 +0000",USD,1.3537
CDF,success,https://www.exchangerate-api.com/docs,https://www.exchangerate-api.com/terms,1709769601,"Thu, 07 Mar 2024 00:00:01 +0000",1709856001,"Fri, 08 Mar 2024 00:00:01 +0000",USD,2744.7541
CHF,success,https://www.exchangerate-api.com/docs,https://www.exchangerate-api.com/terms,1709769601,"Thu, 07 Mar 2024 00:00:01 +0000",1709856001,"Fri, 08 Mar 2024 00:00:01 +0000",USD,0.883
CLP,success,https://www.exchangerate-api.com/docs,https://www.exchangerate-api.com/terms,1709769601,"Thu, 07 Mar 2024 00:00:01 +0000",1709856001,"Fri, 08 Mar 2024 00:00:01 +0000",USD,980.4933
CNY,success,https://www.exchangerate-api.com/docs,https://www.exchangerate-api.com/terms,1709769601,"Thu, 07 Mar 2024 00:00:01 +0000",1709856001,"Fri, 08 Mar 2024 00:00:01 +0000",USD,7.2039
COP,success,https://www.exchangerate-api.com/docs,https://www.exchangerate-api.com/terms,1709769601,"Thu, 07 Mar 2024 00:00:01 +0000",1709856001,"Fri, 08 Mar 2024 00:00:01 +0000",USD,3945.8267
CRC,success,https://www.exchangerate-api.com/docs,https://www.exchangerate-api.com/terms,1709769601,"Thu, 07 Mar 2024 00:00:01 +0000",1709856001,"Fri, 08 Mar 2024 00:00:01 +0000",USD,513.9272
CUP,success,https://www.exchangerate-api.com/docs,https://www.exchangerate-api.com/terms,1709769601,"Thu, 07 Mar 2024 00:00:01 +0000",1709856001,"Fri, 08 Mar 2024 00:00:01 +0000",USD,24.0
CVE,success,https://www.exchangerate-api.com/docs,https://www.exchangerate-api.com/terms,1709769601,"Thu, 07 Mar 2024 00:00:01 +0000",1709856001,"Fri, 08 Mar 2024 00:00:01 +0000",USD,101.2765
CZK,success,https://www.exchangerate-api.com/docs,https://www.exchangerate-api.com/terms,1709769601,"Thu, 07 Mar 2024 00:00:01 +0000",1709856001,"Fri, 08 Mar 2024 00:00:01 +0000",USD,23.2841
DJF,success,https://www.exchangerate-api.com/docs,https://www.exchangerate-api.com/terms,1709769601,"Thu, 07 Mar 2024 00:00:01 +0000",1709856001,"Fri, 08 Mar 2024 00:00:01 +0000",USD,177.721
DKK,success,https://www.exchangerate-api.com/docs,https://www.exchangerate-api.com/terms,1709769601,"Thu, 07 Mar 2024 00:00:01 +0000",1709856001,"Fri, 08 Mar 2024 00:00:01 +0000",USD,6.8471
DOP,success,https://www.exchangerate-api.com/docs,https://www.exchangerate-api.com/terms,1709769601,"Thu, 07 Mar 2024 00:00:01 +0000",1709856001,"Fri, 08 Mar 2024 00:00:01 +0000",USD,58.7893
DZD,success,https://www.exchangerate-api.com/docs,https://www.exchangerate-api.com/terms,1709769601,"Thu, 07 Mar 2024 00:00:01 +0000",1709856001,"Fri, 08 Mar 2024 00:00:01 +0000",USD,134.5941
EGP,success,https://www.exchangerate-api.com/docs,https://www.exchangerate-api.com/terms,1709769601,"Thu, 07 Mar 2024 00:00:01 +0000",1709856001,"Fri, 08 Mar 2024 00:00:01 +0000",USD,49.0153
ERN,success,https://www.exchangerate-api.com/docs,https://www.exchangerate-api.com/terms,1709769601,"Thu, 07 Mar 2024 00:00:01 +0000",1709856001,"Fri, 08 Mar 2024 00:00:01 +0000",USD,15.0
ETB,success,https://www.exchangerate-api.com/docs,https://www.exchangerate-api.com/terms,1709769601,"Thu, 07 Mar 2024 00:00:01 +0000",1709856001,"Fri, 08 Mar 2024 00:00:01 +0000",USD,56.8669
EUR,success,https://www.exchangerate-api.com/docs,https://www.exchangerate-api.com/terms,1709769601,"Thu, 07 Mar 2024 00:00:01 +0000",1709856001,"Fri, 08 Mar 2024 00:00:01 +0000",USD,0.9185000000000001
FJD,success,https://www.exchangerate-api.com/docs,https://www.exchangerate-api.com/terms,1709769601,"Thu, 07 Mar 2024 00:00:01 +0000",1709856001,"Fri, 08 Mar 2024 00:00:01 +0000",USD,2.247
FKP,success,https://www.exchangerate-api.com/docs,https://www.exchangerate-api.com/terms,1709769601,"Thu, 07 Mar 2024 00:00:01 +0000",1709856001,"Fri, 08 Mar 2024 00:00:01 +0000",USD,0.7857000000000001
FOK,success,https://www.exchangerate-api.com/docs,https://www.exchangerate-api.com/terms,1709769601,"Thu, 07 Mar 2024 00:00:01 +0000",1709856001,"Fri, 08 Mar 2024 00:00:01 +0000",USD,6.8473
GBP,success,https://www.exchangerate-api.com/docs,https://www.exchangerate-api.com/terms,1709769601,"Thu, 07 Mar 2024 00:00:01 +0000",1709856001,"Fri, 08 Mar 2024 00:00:01 +0000",USD,0.7857000000000001
GEL,success,https://www.exchangerate-api.com/docs,https://www.exchangerate-api.com/terms,1709769601,"Thu, 07 Mar 2024 00:00:01 +0000",1709856001,"Fri, 08 Mar 2024 00:00:01 +0000",USD,2.6572
GGP,success,https://www.exchangerate-api.com/docs,https://www.exchangerate-api.com/terms,1709769601,"Thu, 07 Mar 2024 00:00:01 +0000",1709856001,"Fri, 08 Mar 2024 00:00:01 +0000",USD,0.7857000000000001
GHS,success,https://www.exchangerate-api.com/docs,https://www.exchangerate-api.com/terms,1709769601,"Thu, 07 Mar 2024 00:00:01 +0000",1709856001,"Fri, 08 Mar 2024 00:00:01 +0000",USD,12.8635
GIP,success,https://www.exchangerate-api.com/docs,https://www.exchangerate-api.com/terms,1709769601,"Thu, 07 Mar 2024 00:00:01 +0000",1709856001,"Fri, 08 Mar 2024 00:00:01 +0000",USD,0.7857000000000001
GMD,success,https://www.exchangerate-api.com/docs,https://www.exchangerate-api.com/terms,1709769601,"Thu, 07 Mar 2024 00:00:01 +0000",1709856001,"Fri, 08 Mar 2024 00:00:01 +0000",USD,66.7468
GNF,success,https://www.exchangerate-api.com/docs,https://www.exchangerate-api.com/terms,1709769601,"Thu, 07 Mar 2024 00:00:01 +0000",1709856001,"Fri, 08 Mar 2024 00:00:01 +0000",USD,8588.02
GTQ,success,https://www.exchangerate-api.com/docs,https://www.exchangerate-api.com/terms,1709769601,"Thu, 07 Mar 2024 00:00:01 +0000",1709856001,"Fri, 08 Mar 2024 00:00:01 +0000",USD,7.813
GYD,success,https://www.exchangerate-api.com/docs,https://www.exchangerate-api.com/terms,1709769601,"Thu, 07 Mar 2024 00:00:01 +0000",1709856001,"Fri, 08 Mar 2024 00:00:01 +0000",USD,209.6814
HKD,success,https://www.exchangerate-api.com/docs,https://www.exchangerate-api.com/terms,1709769601,"Thu, 07 Mar 2024 00:00:01 +0000",1709856001,"Fri, 08 Mar 2024 00:00:01 +0000",USD,7.8241
HNL,success,https://www.exchangerate-api.com/docs,https://www.exchangerate-api.com/terms,1709769601,"Thu, 07 Mar 2024 00:00:01 +0000",1709856001,"Fri, 08 Mar 2024 00:00:01 +0000",USD,24.7078
HRK,success,https://www.exchangerate-api.com/docs,https://www.exchangerate-api.com/terms,1709769601,"Thu, 07 Mar 2024 00:00:01 +0000",1709856001,"Fri, 08 Mar 2024 00:00:01 +0000",USD,6.9203
HTG,success,https://www.exchangerate-api.com/docs,https://www.exchangerate-api.com/terms,1709769601,"Thu, 07 Mar 2024 00:00:01 +0000",1709856001,"Fri, 08 Mar 2024 00:00:01 +0000",USD,132.6788
HUF,success,https://www.exchangerate-api.com/docs,https://www.exchangerate-api.com/terms,1709769601,"Thu, 07 Mar 2024 00:00:01 +0000",1709856001,"Fri, 08 Mar 2024 00:00:01 +0000",USD,361.51
IDR,success,https://www.exchangerate-api.com/docs,https://www.exchangerate-api.com/terms,1709769601,"Thu, 07 Mar 2024 00:00:01 +0000",1709856001,"Fri, 08 Mar 2024 00:00:01 +0000",USD,15712.6047
ILS,success,https://www.exchangerate-api.com/docs,https://www.exchangerate-api.com/terms,1709769601,"Thu, 07 Mar 2024 00:00:01 +0000",1709856001,"Fri, 08 Mar 2024 00:00:01 +0000",USD,3.5885
IMP,success,https://www.exchangerate-api.com/docs,https://www.exchangerate-api.com/terms,1709769601,"Thu, 07 Mar 2024 00:00:01 +0000",1709856001,"Fri, 08 Mar 2024 00:00:01 +0000",USD,0.7857000000000001
INR,success,https://www.exchangerate-api.com/docs,https://www.exchangerate-api.com/terms,1709769601,"Thu, 07 Mar 2024 00:00:01 +0000",1709856001,"Fri, 08 Mar 2024 00:00:01 +0000",USD,82.8536
IQD,success,https://www.exchangerate-api.com/docs,https://www.exchangerate-api.com/terms,1709769601,"Thu, 07 Mar 2024 00:00:01 +0000",1709856001,"Fri, 08 Mar 2024 00:00:01 +0000",USD,1310.313
IRR,success,https://www.exchangerate-api.com/docs,https://www.exchangerate-api.com/terms,1709769601,"Thu, 07 Mar 2024 00:00:01 +0000",1709856001,"Fri, 08 Mar 2024 00:00:01 +0000",USD,42109.6738
ISK,success,https://www.exchangerate-api.com/docs,https://www.exchangerate-api.com/terms,1709769601,"Thu, 07 Mar 2024 00:00:01 +0000",1709856001,"Fri, 08 Mar 2024 00:00:01 +0000",USD,136.9506
JEP,success,https://www.exchangerate-api.com/docs,https://www.exchangerate-api.com/terms,1709769601,"Thu, 07 Mar 2024 00:00:01 +0000",1709856001,"Fri, 08 Mar 2024 00:00:01 +0000",USD,0.7857000000000001
JMD,success,https://www.exchangerate-api.com/docs,https://www.exchangerate-api.com/terms,1709769601,"Thu, 07 Mar 2024 00:00:01 +0000",1709856001,"Fri, 08 Mar 2024 00:00:01 +0000",USD,155.5946
JOD,success,https://www.exchangerate-api.com/docs,https://www.exchangerate-api.com/terms,1709769601,"Thu, 07 Mar 2024 00:00:01 +0000",1709856001,"Fri, 08 Mar 2024 00:00:01 +0000",USD,0.7090000000000001
JPY,success,https://www.exchangerate-api.com/docs,https://www.exchangerate-api.com/terms,1709769601,"Thu, 07 Mar 2024 00:00:01 +0000",1709856001,"Fri, 08 Mar 2024 00:00:01 +0000",USD,149.3771
KES,success,https://www.exchangerate-api.com/docs,https://www.exchangerate-api.com/terms,1709769601,"Thu, 07 Mar 2024 00:00:01 +0000",1709856001,"Fri, 08 Mar 2024 00:00:01 +0000",USD,143.0897
KGS,success,https://www.exchangerate-api.com/docs,https://www.exchangerate-api.com/terms,1709769601,"Thu, 07 Mar 2024 00:00:01 +0000",1709856001,"Fri, 08 Mar 2024 00:00:01 +0000",USD,89.3904
KHR,success,https://www.exchangerate-api.com/docs,https://www.exchangerate-api.com/terms,1709769601,"Thu, 07 Mar 2024 00:00:01 +0000",1709856001,"Fri, 08 Mar 2024 00:00:01 +0000",USD,4061.1864
KID,success,https://www.exchangerate-api.com/docs,https://www.exchangerate-api.com/terms,1709769601,"Thu, 07 Mar 2024 00:00:01 +0000",1709856001,"Fri, 08 Mar 2024 00:00:01 +0000",USD,1.5285000000000002
KMF,success,https://www.exchangerate-api.com/docs,https://www.exchangerate-api.com/terms,1709769601,"Thu, 07 Mar 2024 00:00:01 +0000",1709856001,"Fri, 08 Mar 2024 00:00:01 +0000",USD,451.8641
KRW,success,https://www.exchangerate-api.com/docs,https://www.exchangerate-api.com/terms,1709769601,"Thu, 07 Mar 2024 00:00:01 +0000",1709856001,"Fri, 08 Mar 2024 00:00:01 +0000",USD,1332.6784
KWD,success,https://www.exchangerate-api.com/docs,https://www.exchangerate-api.com/terms,1709769601,"Thu, 07 Mar 2024 00:00:01 +0000",1709856001,"Fri, 08 Mar 2024 00:00:01 +0000",USD,0.30760000000000004
KYD,success,https://www.exchangerate-api.com/docs,https://www.exchangerate-api.com/terms,1709769601,"Thu, 07 Mar 2024 00:00:01 +0000",1709856001,"Fri, 08 Mar 2024 00:00:01 +0000",USD,0.8333
KZT,success,https://www.exchangerate-api.com/docs,https://www.exchangerate-api.com/terms,1709769601,"Thu, 07 Mar 2024 00:00:01 +0000",1709856001,"Fri, 08 Mar 2024 00:00:01 +0000",USD,448.1411
LAK,success,https://www.exchangerate-api.com/docs,https://www.exchangerate-api.com/terms,1709769601,"Thu, 07 Mar 2024 00:00:01 +0000",1709856001,"Fri, 08 Mar 2024 00:00:01 +0000",USD,20765.4931
LBP,success,https://www.exchangerate-api.com/docs,https://www.exchangerate-api.com/terms,1709769601,"Thu, 07 Mar 2024 00:00:01 +0000",1709856001,"Fri, 08 Mar 2024 00:00:01 +0000",USD,89500.0
LKR,success,https://www.exchangerate-api.com/docs,https://www.exchangerate-api.com/terms,1709769601,"Thu, 07 Mar 2024 00:00:01 +0000",1709856001,"Fri, 08 Mar 2024 00:00:01 +0000",USD,307.6598
LRD,success,https://www.exchangerate-api.com/docs,https://www.exchangerate-api.com/terms,1709769601,"Thu, 07 Mar 2024 00:00:01 +0000",1709856001,"Fri, 08 Mar 2024 00:00:01 +0000",USD,193.8813
LSL,success,https://www.exchangerate-api.com/docs,https://www.exchangerate-api.com/terms,1709769601,"Thu, 07 Mar 2024 00:00:01 +0000",1709856001,"Fri, 08 Mar 2024 00:00:01 +0000",USD,18.8275
LYD,success,https://www.exchangerate-api.com/docs,https://www.exchangerate-api.com/terms,1709769601,"Thu, 07 Mar 2024 00:00:01 +0000",1709856001,"Fri, 08 Mar 2024 00:00:01 +0000",USD,4.831
MAD,success,https://www.exchangerate-api.com/docs,https://www.exchangerate-api.com/terms,1709769601,"Thu, 07 Mar 2024 00:00:01 +0000",1709856001,"Fri, 08 Mar 2024 00:00:01 +0000",USD,10.0147
MDL,success,https://www.exchangerate-api.com/docs,https://www.exchangerate-api.com/terms,1709769601,"Thu, 07 Mar 2024 00:00:01 +0000",1709856001,"Fri, 08 Mar 2024 00:00:01 +0000",USD,17.7627
MGA,success,https://www.exchangerate-api.com/docs,https://www.exchangerate-api.com/terms,1709769601,"Thu, 07 Mar 2024 00:00:01 +0000",1709856001,"Fri, 08 Mar 2024 00:00:01 +0000",USD,4502.489
MKD,success,https://www.exchangerate-api.com/docs,https://www.exchangerate-api.com/terms,1709769601,"Thu, 07 Mar 2024 00:00:01 +0000",1709856001,"Fri, 08 Mar 2024 00:00:01 +0000",USD,56.7777
MMK,success,https://www.exchangerate-api.com/docs,https://www.exchangerate-api.com/terms,1709769601,"Thu, 07 Mar 2024 00:00:01 +0000",1709856001,"Fri, 08 Mar 2024 00:00:01 +0000",USD,2102.3032
MNT,success,https://www.exchangerate-api.com/docs,https://www.exchangerate-api.com/terms,1709769601,"Thu, 07 Mar 2024 00:00:01 +0000",1709856001,"Fri, 08 Mar 2024 00:00:01 +0000",USD,3410.6435
MOP,success,https://www.exchangerate-api.com/docs,https://www.exchangerate-api.com/terms,1709769601,"Thu, 07 Mar 2024 00:00:01 +0000",1709856001,"Fri, 08 Mar 2024 00:00:01 +0000",USD,8.0589
MRU,success,https://www.exchangerate-api.com/docs,https://www.exchangerate-api.com/terms,1709769601,"Thu, 07 Mar 2024 00:00:01 +0000",1709856001,"Fri, 08 Mar 2024 00:00:01 +0000",USD,39.8435
MUR,success,https://www.exchangerate-api.com/docs,https://www.exchangerate-api.com/terms,1709769601,"Thu, 07 Mar 2024 00:00:01 +0000",1709856001,"Fri, 08 Mar 2024 00:00:01 +0000",USD,45.7863
MVR,success,https://www.exchangerate-api.com/docs,https://www.exchangerate-api.com/terms,1709769601,"Thu, 07 Mar 2024 00:00:01 +0000",1709856001,"Fri, 08 Mar 2024 00:00:01 +0000",USD,15.4556
MWK,success,https://www.exchangerate-api.com/docs,https://www.exchangerate-api.com/terms,1709769601,"Thu, 07 Mar 2024 00:00:01 +0000",1709856001,"Fri, 08 Mar 2024 00:00:01 +0000",USD,1688.6992
MXN,success,https://www.exchangerate-api.com/docs,https://www.exchangerate-api.com/terms,1709769601,"Thu, 07 Mar 2024 00:00:01 +0000",1709856001,"Fri, 08 Mar 2024 00:00:01 +0000",USD,16.8815
MYR,success,https://www.exchangerate-api.com/docs,https://www.exchangerate-api.com/terms,1709769601,"Thu, 07 Mar 2024 00:00:01 +0000",1709856001,"Fri, 08 Mar 2024 00:00:01 +0000",USD,4.7318999999999996
MZN,success,https://www.exchangerate-api.com/docs,https://www.exchangerate-api.com/terms,1709769601,"Thu, 07 Mar 2024 00:00:01 +0000",1709856001,"Fri, 08 Mar 2024 00:00:01 +0000",USD,63.8947
NAD,success,https://www.exchangerate-api.com/docs,https://www.exchangerate-api.com/terms,1709769601,"Thu, 07 Mar 2024 00:00:01 +0000",1709856001,"Fri, 08 Mar 2024 00:00:01 +0000",USD,18.8275
NGN,success,https://www.exchangerate-api.com/docs,https://www.exchangerate-api.com/terms,1709769601,"Thu, 07 Mar 2024 00:00:01 +0000",1709856001,"Fri, 08 Mar 2024 00:00:01 +0000",USD,1557.6881
NIO,success,https://www.exchangerate-api.com/docs,https://www.exchangerate-api.com/terms,1709769601,"Thu, 07 Mar 2024 00:00:01 +0000",1709856001,"Fri, 08 Mar 2024 00:00:01 +0000",USD,36.8181
NOK,success,https://www.exchangerate-api.com/docs,https://www.exchangerate-api.com/terms,1709769601,"Thu, 07 Mar 2024 00:00:01 +0000",1709856001,"Fri, 08 Mar 2024 00:00:01 +0000",USD,10.5161
NPR,success,https://www.exchangerate-api.com/docs,https://www.exchangerate-api.com/terms,1709769601,"Thu, 07 Mar 2024 00:00:01 +0000",1709856001,"Fri, 08 Mar 2024 00:00:01 +0000",USD,132.5615
NZD,success,https://www.exchangerate-api.com/docs,https://www.exchangerate-api.com/terms,1709769601,"Thu, 07 Mar 2024 00:00:01 +0000",1709856001,"Fri, 08 Mar 2024 00:00:01 +0000",USD,1.6354000000000002
OMR,success,https://www.exchangerate-api.com/docs,https://www.exchangerate-api.com/terms,1709769601,"Thu, 07 Mar 2024 00:00:01 +0000",1709856001,"Fri, 08 Mar 2024 00:00:01 +0000",USD,0.3845
PAB,success,https://www.exchangerate-api.com/docs,https://www.exchangerate-api.com/terms,1709769601,"Thu, 07 Mar 2024 00:00:01 +0000",1709856001,"Fri, 08 Mar 2024 00:00:01 +0000",USD,1.0
PEN,success,https://www.exchangerate-api.com/docs,https://www.exchangerate-api.com/terms,1709769601,"Thu, 07 Mar 2024 00:00:01 +0000",1709856001,"Fri, 08 Mar 2024 00:00:01 +0000",USD,3.7496
PGK,success,https://www.exchangerate-api.com/docs,https://www.exchangerate-api.com/terms,1709769601,"Thu, 07 Mar 2024 00:00:01 +0000",1709856001,"Fri, 08 Mar 2024 00:00:01 +0000",USD,3.8042
PHP,success,https://www.exchangerate-api.com/docs,https://www.exchangerate-api.com/terms,1709769601,"Thu, 07 Mar 2024 00:00:01 +0000",1709856001,"Fri, 08 Mar 2024 00:00:01 +0000",USD,55.8335
PKR,success,https://www.exchangerate-api.com/docs,https://www.exchangerate-api.com/terms,1709769601,"Thu, 07 Mar 2024 00:00:01 +0000",1709856001,"Fri, 08 Mar 2024 00:00:01 +0000",USD,279.6065
PLN,success,https://www.exchangerate-api.com/docs,https://www.exchangerate-api.com/terms,1709769601,"Thu, 07 Mar 2024 00:00:01 +0000",1709856001,"Fri, 08 Mar 2024 00:00:01 +0000",USD,3.9524
PYG,success,https://www.exchangerate-api.com/docs,https://www.exchangerate-api.com/terms,1709769601,"Thu, 07 Mar 2024 00:00:01 +0000",1709856001,"Fri, 08 Mar 2024 00:00:01 +0000",USD,7304.3449
QAR,success,https://www.exchangerate-api.com/docs,https://www.exchangerate-api.com/terms,1709769601,"Thu, 07 Mar 2024 00:00:01 +0000",1709856001,"Fri, 08 Mar 2024 00:00:01 +0000",USD,3.64
RON,success,https://www.exchangerate-api.com/docs,https://www.exchangerate-api.com/terms,1709769601,"Thu, 07 Mar 2024 00:00:01 +0000",1709856001,"Fri, 08 Mar 2024 00:00:01 +0000",USD,4.572
RSD,success,https://www.exchangerate-api.com/docs,https://www.exchangerate-api.com/terms,1709769601,"Thu, 07 Mar 2024 00:00:01 +0000",1709856001,"Fri, 08 Mar 2024 00:00:01 +0000",USD,107.8508
RUB,success,https://www.exchangerate-api.com/docs,https://www.exchangerate-api.com/terms,1709769601,"Thu, 07 Mar 2024 00:00:01 +0000",1709856001,"Fri, 08 Mar 2024 00:00:01 +0000",USD,90.7063
RWF,success,https://www.exchangerate-api.com/docs,https://www.exchangerate-api.com/terms,1709769601,"Thu, 07 Mar 2024 00:00:01 +0000",1709856001,"Fri, 08 Mar 2024 00:00:01 +0000",USD,1290.3911
SAR,success,https://www.exchangerate-api.com/docs,https://www.exchangerate-api.com/terms,1709769601,"Thu, 07 Mar 2024 00:00:01 +0000",1709856001,"Fri, 08 Mar 2024 00:00:01 +0000",USD,3.75
SBD,success,https://www.exchangerate-api.com/docs,https://www.exchangerate-api.com/terms,1709769601,"Thu, 07 Mar 2024 00:00:01 +0000",1709856001,"Fri, 08 Mar 2024 00:00:01 +0000",USD,8.4917
SCR,success,https://www.exchangerate-api.com/docs,https://www.exchangerate-api.com/terms,1709769601,"Thu, 07 Mar 2024 00:00:01 +0000",1709856001,"Fri, 08 Mar 2024 00:00:01 +0000",USD,13.584
SDG,success,https://www.exchangerate-api.com/docs,https://www.exchangerate-api.com/terms,1709769601,"Thu, 07 Mar 2024 00:00:01 +0000",1709856001,"Fri, 08 Mar 2024 00:00:01 +0000",USD,544.8349
SEK,success,https://www.exchangerate-api.com/docs,https://www.exchangerate-api.com/terms,1709769601,"Thu, 07 Mar 2024 00:00:01 +0000",1709856001,"Fri, 08 Mar 2024 00:00:01 +0000",USD,10.3115
SGD,success,https://www.exchangerate-api.com/docs,https://www.exchangerate-api.com/terms,1709769601,"Thu, 07 Mar 2024 00:00:01 +0000",1709856001,"Fri, 08 Mar 2024 00:00:01 +0000",USD,1.3401
SHP,success,https://www.exchangerate-api.com/docs,https://www.exchangerate-api.com/terms,1709769601,"Thu, 07 Mar 2024 00:00:01 +0000",1709856001,"Fri, 08 Mar 2024 00:00:01 +0000",USD,0.7857000000000001
SLE,success,https://www.exchangerate-api.com/docs,https://www.exchangerate-api.com/terms,1709769601,"Thu, 07 Mar 2024 00:00:01 +0000",1709856001,"Fri, 08 Mar 2024 00:00:01 +0000",USD,22.6643
SLL,success,https://www.exchangerate-api.com/docs,https://www.exchangerate-api.com/terms,1709769601,"Thu, 07 Mar 2024 00:00:01 +0000",1709856001,"Fri, 08 Mar 2024 00:00:01 +0000",USD,22664.2818
SOS,success,https://www.exchangerate-api.com/docs,https://www.exchangerate-api.com/terms,1709769601,"Thu, 07 Mar 2024 00:00:01 +0000",1709856001,"Fri, 08 Mar 2024 00:00:01 +0000",USD,571.8563
SRD,success,https://www.exchangerate-api.com/docs,https://www.exchangerate-api.com/terms,1709769601,"Thu, 07 Mar 2024 00:00:01 +0000",1709856001,"Fri, 08 Mar 2024 00:00:01 +0000",USD,35.3906
SSP,success,https://www.exchangerate-api.com/docs,https://www.exchangerate-api.com/terms,1709769601,"Thu, 07 Mar 2024 00:00:01 +0000",1709856001,"Fri, 08 Mar 2024 00:00:01 +0000",USD,1589.6381
STN,success,https://www.exchangerate-api.com/docs,https://www.exchangerate-api.com/terms,1709769601,"Thu, 07 Mar 2024 00:00:01 +0000",1709856001,"Fri, 08 Mar 2024 00:00:01 +0000",USD,22.5028
SYP,success,https://www.exchangerate-api.com/docs,https://www.exchangerate-api.com/terms,1709769601,"Thu, 07 Mar 2024 00:00:01 +0000",1709856001,"Fri, 08 Mar 2024 00:00:01 +0000",USD,12954.0726
SZL,success,https://www.exchangerate-api.com/docs,https://www.exchangerate-api.com/terms,1709769601,"Thu, 07 Mar 2024 00:00:01 +0000",1709856001,"Fri, 08 Mar 2024 00:00:01 +0000",USD,18.8275
THB,success,https://www.exchangerate-api.com/docs,https://www.exchangerate-api.com/terms,1709769601,"Thu, 07 Mar 2024 00:00:01 +0000",1709856001,"Fri, 08 Mar 2024 00:00:01 +0000",USD,35.6582
TJS,success,https://www.exchangerate-api.com/docs,https://www.exchangerate-api.com/terms,1709769601,"Thu, 07 Mar 2024 00:00:01 +0000",1709856001,"Fri, 08 Mar 2024 00:00:01 +0000",USD,10.9486
TMT,success,https://www.exchangerate-api.com/docs,https://www.exchangerate-api.com/terms,1709769601,"Thu, 07 Mar 2024 00:00:01 +0000",1709856001,"Fri, 08 Mar 2024 00:00:01 +0000",USD,3.4993
TND,success,https://www.exchangerate-api.com/docs,https://www.exchangerate-api.com/terms,1709769601,"Thu, 07 Mar 2024 00:00:01 +0000",1709856001,"Fri, 08 Mar 2024 00:00:01 +0000",USD,3.1142
TOP,success,https://www.exchangerate-api.com/docs,https://www.exchangerate-api.com/terms,1709769601,"Thu, 07 Mar 2024 00:00:01 +0000",1709856001,"Fri, 08 Mar 2024 00:00:01 +0000",USD,2.3455
TRY,success,https://www.exchangerate-api.com/docs,https://www.exchangerate-api.com/terms,1709769601,"Thu, 07 Mar 2024 00:00:01 +0000",1709856001,"Fri, 08 Mar 2024 00:00:01 +0000",USD,31.79
TTD,success,https://www.exchangerate-api.com/docs,https://www.exchangerate-api.com/terms,1709769601,"Thu, 07 Mar 2024 00:00:01 +0000",1709856001,"Fri, 08 Mar 2024 00:00:01 +0000",USD,6.7691
TVD,success,https://www.exchangerate-api.com/docs,https://www.exchangerate-api.com/terms,1709769601,"Thu, 07 Mar 2024 00:00:01 +0000",1709856001,"Fri, 08 Mar 2024 00:00:01 +0000",USD,1.5285000000000002
TWD,success,https://www.exchangerate-api.com/docs,https://www.exchangerate-api.com/terms,1709769601,"Thu, 07 Mar 2024 00:00:01 +0000",1709856001,"Fri, 08 Mar 2024 00:00:01 +0000",USD,31.525
TZS,success,https://www.exchangerate-api.com/docs,https://www.exchangerate-api.com/terms,1709769601,"Thu, 07 Mar 2024 00:00:01 +0000",1709856001,"Fri, 08 Mar 2024 00:00:01 +0000",USD,2545.4982
UAH,success,https://www.exchangerate-api.com/docs,https://www.exchangerate-api.com/terms,1709769601,"Thu, 07 Mar 2024 00:00:01 +0000",1709856001,"Fri, 08 Mar 2024 00:00:01 +0000",USD,38.2679
UGX,success,https://www.exchangerate-api.com/docs,https://www.exchangerate-api.com/terms,1709769601,"Thu, 07 Mar 2024 00:00:01 +0000",1709856001,"Fri, 08 Mar 2024 00:00:01 +0000",USD,3892.302
USD,success,https://www.exchangerate-api.com/docs,https://www.exchangerate-api.com/terms,1709769601,"Thu, 07 Mar 2024 00:00:01 +0000",1709856001,"Fri, 08 Mar 2024 00:00:01 +0000",USD,1.0
UYU,success,https://www.exchangerate-api.com/docs,https://www.exchangerate-api.com/terms,1709769601,"Thu, 07 Mar 2024 00:00:01 +0000",1709856001,"Fri, 08 Mar 2024 00:00:01 +0000",USD,39.0336
UZS,success,https://www.exchangerate-api.com/docs,https://www.exchangerate-api.com/terms,1709769601,"Thu, 07 Mar 2024 00:00:01 +0000",1709856001,"Fri, 08 Mar 2024 00:00:01 +0000",USD,12566.4489
VES,success,https://www.exchangerate-api.com/docs,https://www.exchangerate-api.com/terms,1709769601,"Thu, 07 Mar 2024 00:00:01 +0000",1709856001,"Fri, 08 Mar 2024 00:00:01 +0000",USD,36.1726
VND,success,https://www.exchangerate-api.com/docs,https://www.exchangerate-api.com/terms,1709769601,"Thu, 07 Mar 2024 00:00:01 +0000",1709856001,"Fri, 08 Mar 2024 00:00:01 +0000",USD,24698.167
VUV,success,https://www.exchangerate-api.com/docs,https://www.exchangerate-api.com/terms,1709769601,"Thu, 07 Mar 2024 00:00:01 +0000",1709856001,"Fri, 08 Mar 2024 00:00:01 +0000",USD,120.9664
WST,success,https://www.exchangerate-api.com/docs,https://www.exchangerate-api.com/terms,1709769601,"Thu, 07 Mar 2024 00:00:01 +0000",1709856001,"Fri, 08 Mar 2024 00:00:01 +0000",USD,2.7455
XAF,success,https://www.exchangerate-api.com/docs,https://www.exchangerate-api.com/terms,1709769601,"Thu, 07 Mar 2024 00:00:01 +0000",1709856001,"Fri, 08 Mar 2024 00:00:01 +0000",USD,602.4855
XCD,success,https://www.exchangerate-api.com/docs,https://www.exchangerate-api.com/terms,1709769601,"Thu, 07 Mar 2024 00:00:01 +0000",1709856001,"Fri, 08 Mar 2024 00:00:01 +0000",USD,2.7
XDR,success,https://www.exchangerate-api.com/docs,https://www.exchangerate-api.com/terms,1709769601,"Thu, 07 Mar 2024 00:00:01 +0000",1709856001,"Fri, 08 Mar 2024 00:00:01 +0000",USD,0.7518
XOF,success,https://www.exchangerate-api.com/docs,https://www.exchangerate-api.com/terms,1709769601,"Thu, 07 Mar 2024 00:00:01 +0000",1709856001,"Fri, 08 Mar 2024 00:00:01 +0000",USD,602.4855
XPF,success,https://www.exchangerate-api.com/docs,https://www.exchangerate-api.com/terms,1709769601,"Thu, 07 Mar 2024 00:00:01 +0000",1709856001,"Fri, 08 Mar 2024 00:00:01 +0000",USD,109.6044
YER,success,https://www.exchangerate-api.com/docs,https://www.exchangerate-api.com/terms,1709769601,"Thu, 07 Mar 2024 00:00:01 +0000",1709856001,"Fri, 08 Mar 2024 00:00:01 +0000",USD,250.3249
ZAR,success,https://www.exchangerate-api.com/docs,https://www.exchangerate-api.com/terms,1709769601,"Thu, 07 Mar 2024 00:00:01 +0000",1709856001,"Fri, 08 Mar 2024 00:00:01 +0000",USD,18.8282
ZMW,success,https://www.exchangerate-api.com/docs,https://www.exchangerate-api.com/terms,1709769601,"Thu, 07 Mar 2024 00:00:01 +0000",1709856001,"Fri, 08 Mar 2024 00:00:01 +0000",USD,23.9804
ZWL,success,https://www.exchangerate-api.com/docs,https://www.exchangerate-api.com/terms,1709769601,"Thu, 07 Mar 2024 00:00:01 +0000",1709856001,"Fri, 08 Mar 2024 00:00:01 +0000",USD,16584.8696
